{"cameraMode":{"drawMode":0,"name":"Shaded","section":"Shading Mode"},"sceneLighting":false,"audioPlay":false,"sceneViewState":{"m_AlwaysRefresh":false,"showFog":true,"showSkybox":false,"showFlares":true,"showImageEffects":true,"showParticleSystems":true,"showVisualEffectGraphs":true,"m_FxEnabled":true},"in2DMode":false,"pivot":{"x":-0.003374636173248291,"y":0.19773729145526887,"z":-0.000779319554567337},"rotation":{"x":-0.3778475821018219,"y":0.01293502189218998,"z":-0.007720883470028639,"w":-0.9263924360275269},"size":0.255537748336792,"orthographic":false}