{"cameraMode":{"drawMode":0,"name":"Shaded","section":"Shading Mode"},"sceneLighting":false,"audioPlay":false,"sceneViewState":{"m_AlwaysRefresh":false,"showFog":false,"showSkybox":false,"showFlares":false,"showImageEffects":false,"showParticleSystems":false,"showVisualEffectGraphs":true,"m_FxEnabled":true},"in2DMode":false,"pivot":{"x":0.00010135769844055176,"y":0.9119466543197632,"z":-0.006526529788970947},"rotation":{"x":-0.008469421416521073,"y":0.9304446578025818,"z":-0.3665635585784912,"w":-0.01983279176056385},"size":1.1959770917892457,"orthographic":false}