{"cameraMode":{"drawMode":0,"name":"Shaded","section":"Shading Mode"},"sceneLighting":false,"audioPlay":false,"sceneViewState":{"m_AlwaysRefresh":false,"showFog":false,"showSkybox":false,"showFlares":false,"showImageEffects":false,"showParticleSystems":false,"showVisualEffectGraphs":true,"m_FxEnabled":true},"in2DMode":false,"pivot":{"x":0.0007719099521636963,"y":-0.1403738260269165,"z":-0.0020780712366104128},"rotation":{"x":-0.008469421416521073,"y":0.9304446578025818,"z":-0.3665635585784912,"w":-0.01983279176056385},"size":1.1327154636383057,"orthographic":false}