{"cameraMode":{"drawMode":0,"name":"Shaded","section":"Shading Mode"},"sceneLighting":false,"audioPlay":false,"sceneViewState":{"m_AlwaysRefresh":false,"showFog":true,"showSkybox":false,"showFlares":true,"showImageEffects":true,"showParticleSystems":true,"showVisualEffectGraphs":true,"m_FxEnabled":true},"in2DMode":false,"pivot":{"x":-0.01142778992652893,"y":0.1642751544713974,"z":0.02104613184928894},"rotation":{"x":0.2560001015663147,"y":0.4958007335662842,"z":-0.15686531364917756,"w":0.8154099583625794},"size":0.3985264301300049,"orthographic":false}