{"cameraMode":{"drawMode":0,"name":"Shaded","section":"Shading Mode"},"sceneLighting":false,"audioPlay":false,"sceneViewState":{"m_AlwaysRefresh":false,"showFog":true,"showSkybox":false,"showFlares":true,"showImageEffects":true,"showParticleSystems":true,"showVisualEffectGraphs":true,"m_FxEnabled":true},"in2DMode":false,"pivot":{"x":0.00010482966899871826,"y":-0.03794947266578674,"z":-0.158142551779747},"rotation":{"x":0.052812881767749789,"y":-0.008113738149404526,"z":-0.0008755266899242997,"w":0.9989863634109497},"size":0.2438226342201233,"orthographic":false}