{"cameraMode":{"drawMode":0,"name":"Shaded","section":"Shading Mode"},"sceneLighting":false,"audioPlay":false,"sceneViewState":{"m_AlwaysRefresh":false,"showFog":true,"showSkybox":false,"showFlares":true,"showImageEffects":true,"showParticleSystems":true,"showVisualEffectGraphs":true,"m_FxEnabled":true},"in2DMode":false,"pivot":{"x":0.005714893341064453,"y":0.061974406242370608,"z":0.02686344087123871},"rotation":{"x":-0.3778475821018219,"y":0.01293502189218998,"z":-0.007720883470028639,"w":-0.9263924360275269},"size":0.48043137788772585,"orthographic":false}