{"cameraMode":{"drawMode":0,"name":"Shaded","section":"Shading Mode"},"sceneLighting":false,"audioPlay":false,"sceneViewState":{"m_AlwaysRefresh":false,"showFog":true,"showSkybox":false,"showFlares":true,"showImageEffects":true,"showParticleSystems":true,"showVisualEffectGraphs":true,"m_FxEnabled":true},"in2DMode":false,"pivot":{"x":-0.0010561943054199219,"y":3.600724935531616,"z":0.327742338180542},"rotation":{"x":-0.3778475821018219,"y":0.01293502189218998,"z":-0.007720883470028639,"w":-0.9263924360275269},"size":5.760753154754639,"orthographic":false}