{"cameraMode":{"drawMode":0,"name":"Shaded","section":"Shading Mode"},"sceneLighting":false,"audioPlay":false,"sceneViewState":{"m_AlwaysRefresh":false,"showFog":true,"showSkybox":false,"showFlares":true,"showImageEffects":true,"showParticleSystems":true,"showVisualEffectGraphs":true,"m_FxEnabled":true},"in2DMode":false,"pivot":{"x":-0.0026634037494659425,"y":0.08237576484680176,"z":0.0012631267309188843},"rotation":{"x":-0.1909092217683792,"y":-0.6982876658439636,"z":0.20502294600009919,"w":-0.6594064831733704},"size":0.3223320245742798,"orthographic":false}