{"cameraMode":{"drawMode":0,"name":"Shaded","section":"Shading Mode"},"sceneLighting":false,"audioPlay":false,"sceneViewState":{"m_AlwaysRefresh":false,"showFog":true,"showSkybox":false,"showFlares":true,"showImageEffects":true,"showParticleSystems":true,"showVisualEffectGraphs":true,"m_FxEnabled":true},"in2DMode":false,"pivot":{"x":-0.00006809830665588379,"y":0.031475313007831576,"z":-0.013364672660827637},"rotation":{"x":0.052812881767749789,"y":-0.008113738149404526,"z":-0.0008755266899242997,"w":0.9989863634109497},"size":0.6458470821380615,"orthographic":false}