{"cameraMode":{"drawMode":0,"name":"Shaded","section":"Shading Mode"},"sceneLighting":false,"audioPlay":false,"sceneViewState":{"m_AlwaysRefresh":false,"showFog":false,"showSkybox":false,"showFlares":false,"showImageEffects":false,"showParticleSystems":false,"showVisualEffectGraphs":true,"m_FxEnabled":true},"in2DMode":false,"pivot":{"x":-1.1920928955078126e-7,"y":-0.01938346028327942,"z":-0.028240300714969636},"rotation":{"x":-0.034440986812114719,"y":0.9040060639381409,"z":-0.07357635349035263,"w":-0.4203456938266754},"size":0.9716196656227112,"orthographic":false}