{"cameraMode":{"drawMode":0,"name":"Shaded","section":"Shading Mode"},"sceneLighting":false,"audioPlay":false,"sceneViewState":{"m_AlwaysRefresh":false,"showFog":false,"showSkybox":false,"showFlares":false,"showImageEffects":false,"showParticleSystems":false,"showVisualEffectGraphs":true,"m_FxEnabled":true},"in2DMode":false,"pivot":{"x":-0.000032901763916015625,"y":0.7305867671966553,"z":0.13713055849075318},"rotation":{"x":-0.011426068842411042,"y":0.9831582903862,"z":-0.17009322345256806,"w":-0.06617099791765213},"size":1.2164180278778077,"orthographic":false}