{"cameraMode":{"drawMode":0,"name":"Shaded","section":"Shading Mode"},"sceneLighting":false,"audioPlay":false,"sceneViewState":{"m_AlwaysRefresh":false,"showFog":true,"showSkybox":false,"showFlares":true,"showImageEffects":true,"showParticleSystems":true,"showVisualEffectGraphs":true,"m_FxEnabled":true},"in2DMode":false,"pivot":{"x":7.450580596923828e-9,"y":0.004344178829342127,"z":-0.06075768917798996},"rotation":{"x":-0.002040306804701686,"y":0.7331161499023438,"z":0.00219934806227684,"w":0.6800956726074219},"size":0.3953031301498413,"orthographic":false}