{"cameraMode":{"drawMode":0,"name":"Shaded","section":"Shading Mode"},"sceneLighting":false,"audioPlay":false,"sceneViewState":{"m_AlwaysRefresh":false,"showFog":true,"showSkybox":false,"showFlares":true,"showImageEffects":true,"showParticleSystems":true,"showVisualEffectGraphs":true,"m_FxEnabled":true},"in2DMode":false,"pivot":{"x":0.08740000426769257,"y":0.13784296810626985,"z":-0.02120000123977661},"rotation":{"x":-0.0029062519315630199,"y":0.968727707862854,"z":-0.24972976744174958,"w":-0.00733296200633049},"size":0.5170049071311951,"orthographic":false}