{"cameraMode":{"drawMode":0,"name":"Shaded","section":"Shading Mode"},"sceneLighting":false,"audioPlay":false,"sceneViewState":{"m_AlwaysRefresh":false,"showFog":true,"showSkybox":false,"showFlares":true,"showImageEffects":true,"showParticleSystems":true,"showVisualEffectGraphs":true,"m_FxEnabled":true},"in2DMode":false,"pivot":{"x":-0.000006809830665588379,"y":0.0031475313007831575,"z":-0.001336466521024704},"rotation":{"x":0.10556759685277939,"y":0.869202733039856,"z":-0.21342165768146516,"w":0.43433836102485659},"size":0.23147398233413697,"orthographic":false}