{"cameraMode":{"drawMode":0,"name":"Shaded","section":"Shading Mode"},"sceneLighting":false,"audioPlay":false,"sceneViewState":{"m_AlwaysRefresh":false,"showFog":true,"showSkybox":false,"showFlares":true,"showImageEffects":true,"showParticleSystems":true,"showVisualEffectGraphs":true,"m_FxEnabled":true},"in2DMode":false,"pivot":{"x":0.08243346214294434,"y":0.3517412543296814,"z":-1.1631925106048585},"rotation":{"x":-0.3778475821018219,"y":0.01293502189218998,"z":-0.007720883470028639,"w":-0.9263924360275269},"size":1.919936180114746,"orthographic":false}