{"cameraMode":{"drawMode":0,"name":"Shaded","section":"Shading Mode"},"sceneLighting":true,"audioPlay":false,"sceneViewState":{"m_AlwaysRefresh":false,"showFog":true,"showSkybox":true,"showFlares":true,"showImageEffects":true,"showParticleSystems":true,"showVisualEffectGraphs":true,"m_FxEnabled":true},"in2DMode":false,"pivot":{"x":266.7746887207031,"y":39.49678039550781,"z":2.5175511837005617},"rotation":{"x":0.052812881767749789,"y":-0.008113738149404526,"z":-0.0008755266899242997,"w":0.9989863634109497},"size":163.17218017578126,"orthographic":false}