{"cameraMode":{"drawMode":0,"name":"Shaded","section":"Shading Mode"},"sceneLighting":false,"audioPlay":false,"sceneViewState":{"m_AlwaysRefresh":false,"showFog":true,"showSkybox":false,"showFlares":true,"showImageEffects":true,"showParticleSystems":true,"showVisualEffectGraphs":true,"m_FxEnabled":true},"in2DMode":false,"pivot":{"x":0.00694766640663147,"y":0.01177339255809784,"z":0.0016698837280273438},"rotation":{"x":0.5263476967811585,"y":0.10510875284671784,"z":-0.06252635270357132,"w":0.8420900106430054},"size":0.23103387653827668,"orthographic":false}